Column,Name,Description,Logo,Link,Frontend_Language,Frontend_Framework,Backend_Language,Backend_Framework,App,Prototyping,Management
Solution & Utility & SaaS,SendBird,"센드버드는 세계에서 가장 확장성 높은 채팅 솔루션을 제공하는 실리콘밸리의 서비스형 소프트웨어 (SaaS) 스타트업입니다.
전 세계 10,000여개의 모바일과 웹서비스에 SDK (소프트웨어 개발도구) 를 제공하며,다양한 기업들이 고객과 직접적인 대화채널을 구축하여 수익화 전략을 수행하는 핵심 기능이 되어 왔습니다.",https://stack101-icon.s3.ap-northeast-2.amazonaws.com/stack%26company_icon/company/Solution+_+Utility+_+SaaS/company_sendbird_512x512.png,https://www.wanted.co.kr/company/88,Javascript,React,Python,Django,"Java,Swift",,
Solution & Utility & SaaS,HYPERCONNECT,2014년 설립된 하이퍼커넥트는 비디오 커뮤니케이션(WebRTC)과 인공지능(AI) 분야에서 세계 수준의 실력과 경험을 보유하고 있는 글로벌 영상 기술 기업입니다.,https://stack101-icon.s3.ap-northeast-2.amazonaws.com/stack%26company_icon/company/Solution+_+Utility+_+SaaS/company_hyperconnect_512x512.png,https://career.hyperconnect.com/,Javascript,"Angular,React,Vue","Java,Kotlin,Python",Spring,"Java,Kotlin,Swift","Adobe,Sketch",Zeplin
Solution & Utility & SaaS,MAXST,맥스트(MAXST)는 국내 유일의 상용화된 AR SDK(Augmented Reality Software Development Kit)의 상용화에 성공한 증강현실 기술 회사입니다.,https://stack101-icon.s3.ap-northeast-2.amazonaws.com/stack%26company_icon/company/Solution+_+Utility+_+SaaS/company_maxst_512x512.png,https://www.wanted.co.kr/company/397,Javascript,"React,Vue","Java,Javascript","Node.js,Spring",,,
Solution & Utility & SaaS,SWINGVY,스윙비(Swingvy)는 중소기업들의 인사/인재관리 문제를 해결하기 위한 HR tech 스타트업 입니다. 중소기업에게 이전에는 경험해보지 못한 새로운 HR 소프트웨어와 비즈니스 모델을 제시함으로써 시장에 큰 변화를 일으키고 있습니다.,https://stack101-icon.s3.ap-northeast-2.amazonaws.com/stack%26company_icon/company/Solution+_+Utility+_+SaaS/company_swingvy_512x512.png,https://www.wanted.co.kr/company/1167,Javascript,"Angular,React,Vue",Java,"Spring,Spring-Boot",React Native,"Figma,Sketch",
Solution & Utility & SaaS,스튜디오씨드코리아,"스튜디오씨드는 2014년에 구글,삼성,네이버 출신 베테랑들이 모여 설립한 소프트웨어 개발사입니다.
디자이너를 위한 프로토타이핑툴,""프로토파이(ProtoPie)""를 개발 중에 있으며,구글,알리바바,바이두,에어비앤비 등 글로벌 기업의 디자이너들과 다각적인 협업을 통해 제품을 개선해가고 있습니다.",https://stack101-icon.s3.ap-northeast-2.amazonaws.com/stack%26company_icon/company/Solution+_+Utility+_+SaaS/company_protopie_512x512.png,https://www.wanted.co.kr/company/452,"Javascript,Typescript",React,"Javascript,Typescript",Node.js,,,
Solution & Utility & SaaS,crowd works,크라우드웍스는 기계학습 데이터를 위한 플랫폼을 제공하고 있습니다. 크라우드웍스 플랫폼에서 작업자들(크라우드웍스 회원)은 데이터 정제작업을 하여 돈을 벌고 AI 서비스 기업들은 원하는 데이터를 얻을 수 있습니다.,https://stack101-icon.s3.ap-northeast-2.amazonaws.com/stack%26company_icon/company/Solution+_+Utility+_+SaaS/company_crowdworks_512x512.png,https://www.wanted.co.kr/company/5290,"Javascript,Typescript",React,,,,,
Solution & Utility & SaaS,Gridwiz,"그리드위즈는 고객과 전력시장 사이의 연결고리가 되어 고객이 아낀 전기를 모아 전력시장에 판매하고,이를 고객에게 다시 돌려드립니다.
그리드위즈만의 수요관리 솔루션 PINE은 실시간으로 고객의 전력사용량 데이터를 수집·분석하여 최적의 에너지 관리를 제공하고 있습니다.",https://stack101-icon.s3.ap-northeast-2.amazonaws.com/stack%26company_icon/company/Solution+_+Utility+_+SaaS/company_gridwiz_512x512.png,https://www.gridwiz.com/careers/job/,Javascript,"React,Vue",Java,"Spring,Spring-Boot",,,
Sharing Economy,poolus,"풀러스는 이동에 새로운 가치를 부여하고 다양한 문제를 해결함으로써,보다 더 스마트하고 더 나은 세상을 만드는 스타트업입니다. 2016년 3월에 법인 설립 후 현재 수도권 전역과 영남지역에 서비스를 운영하고 있습니다.
풀러스는 국내 카셰어링 1위 서비스인 쏘카를 설립한 김지만 대표가 새롭게 창업한 회사로,현재 40여명의 뛰어난 멤버들이 서비스를 만들어가고 있습니다. 열정적인 풀러스 팀과 함께 문제를 격파하고 더 나은 세상을 만들어갈 분들의 도전을 기다립니다.",https://stack101-icon.s3.ap-northeast-2.amazonaws.com/stack%26company_icon/company/Sharing+Economy/company_poolus_512x512.png,https://www.wanted.co.kr/company/181,,,"Javascript,PHP",Node.js,"Java,Kotlin,Objective-C,Swift",Sketch,
Sharing Economy,피유엠피(PUMP/씽씽)팔로우,"씽씽은 공유시스템을 통해 이동을 더 빠르고 편리하게 만듭니다. 뛰어난 안전성과 탁월한 승차감을 가진 하드웨어를 제공하고,24시간 CS센터 운영 및 Data Driven을 통한 로드밸런싱으로 사용자 편의를 위해 최선을 다합니다.",https://stack101-icon.s3.ap-northeast-2.amazonaws.com/stack%26company_icon/company/Sharing+Economy/company_xingxing_512x512.png,https://www.wanted.co.kr/company/7823,,,"Java,Javascript,Python","Node.js,Spring",,"Adobe,Sketch",Zeplin
Sharing Economy,socar,"쏘카는 ‘자동차 이용 방식의 혁신으로 세상을 변화시킨다’라는 비전을 바탕으로
자동차 사용에 대한 유연하고 합리적인 대안을 제시하는 기업입니다.
쏘카는 고객에게 합리적인 이동수단을 제공하는 차량 기반의 커뮤니티 플랫폼으로의 역할을 다하며
사회 • 경제 • 환경적인 가치를 창출하고 있습니다.",https://stack101-icon.s3.ap-northeast-2.amazonaws.com/stack%26company_icon/company/Sharing+Economy/company_socar_512x512.png,https://bit.ly/2A1QjN9,,,Kotlin,Spring-Boot,"Java,Kotlin,Swift",,
Leisure&Travel,마이리얼트립,"마이리얼트립은 여행을 떠나기 위해 필요한 모든 것을 한 곳에서 검색하고 예약할 수 있는 국내 최고의 Travel Super App입니다. 2012년 가이드 투어 서비스를 시작으로 2018년 항공서비스,2019년 패키지여행까지 출시하며 모든 여행 경험을 고객에게 제공합니다. 마이리얼트립은 IT기술을 바탕으로 여행 준비,항공,숙박,현지 교통,현지 경험(투어,티켓,특가여행,패키지) 등 모든 여행 경험을 쉽고 빠르게 연결하여 새로운 여행 방식을 만들어갑니다.",https://stack101-icon.s3.ap-northeast-2.amazonaws.com/stack%26company_icon/company/Leisure+_+Travel/company_myrealtrip_512x512.png,https://www.wanted.co.kr/company/15,"Javascript,Typescript",React,Java,Spring,"Java,Kotlin,Swift","Adobe,Sketch",
Leisure&Travel,트리플,"트리플은 여행자의 입장에서 연구하며 ‘NO.1 해외여행 플랫폼’이 되겠다는 목표로 만들어진 회사이자 서비스입니다.
2017년 5월,모바일 앱 '트리플'을 통해 첫 발자국을 내딛었고,여행 커머스 또한 종전과 완전히 다른 해석과 시도로 지금 이 순간에도 '해외여행 모바일 플랫폼'을 제대로 만들어 보려는 우리의 열띤 시도는 진행 중에 있습니다.",https://stack101-icon.s3.ap-northeast-2.amazonaws.com/stack%26company_icon/company/Leisure+_+Travel/company_triple_512x512.png,https://www.wanted.co.kr/company/1475,"Javascript,Typescript","React,Vue","Java,Javascript","Node.js,Spring","React Native,Swift",,
Leisure&Travel,와그트래블(WAUG),"와그WAUG는 전 세계 여행지에서 즐길 수 있는 모든 액티비티(활동)을 마치 항공권,호텔을 예약하는 것처럼 모바일로 편하고 쉽게 그리고 저렴하게 예약할 수 있는 글로벌 액티비티 예약 플랫폼입니다.",https://stack101-icon.s3.ap-northeast-2.amazonaws.com/stack%26company_icon/company/Leisure+_+Travel/company_waug_512x512.png,https://www.wanted.co.kr/company/1866,Javascript,"React,Vue,jQuery","Java,PHP",Spring-Boot,"Java,Objective-C","Adobe,Sketch",
Leisure&Travel,yanolja,"야놀자는 한국의 여행 관련 기업들 중 최초로 ‘유니콘’ 지위를 획득하며 빠르게 성장하고 있는 국내 No. 1 여가 플랫폼이자 트래블 테크 기업입니다. 온라인에서는 슈퍼앱으로서 국내외 숙박ㆍ레저ㆍ교통 등 여가를 위한 모든 서비스를 제공하고,오프라인에서는 동남아시아 최대 호텔 프랜차이즈 기업으로서 1만개 이상의 객실을 운영 중입니다.",https://stack101-icon.s3.ap-northeast-2.amazonaws.com/stack%26company_icon/company/Leisure+_+Travel/company_yanolja_512x512.png,https://www.wanted.co.kr/company/52,Javascript,"Angular,React,Vue","Java,Javascript","Node.js,Spring,Spring-Boot","Java,Objective-C,Swift","Protopie,Sketch",Zeplin
Leisure&Travel,Air premia,에어프레미아는 국내 유일의 중장거리 전문 HSC 하이브리드 서비스 항공사입니다. 올해 3월 국제항공운송사업면허를 취득한 신생 항공 스타트업입니다.,https://stack101-icon.s3.ap-northeast-2.amazonaws.com/stack%26company_icon/company/Leisure+_+Travel/company_airpremia_512x512.png,https://airpremia.com/notice?category=uNLb2IiOZ7,Javascript,React,Java,Spring,Java,,
Leisure&Travel,ONDA,숙소 운영 최적의 예약관리 프로그램,https://stack101-icon.s3.ap-northeast-2.amazonaws.com/stack%26company_icon/company/Leisure+_+Travel/company_onda_512x512.png,https://www.onda.me/member,Typescript,"Angular,React,Vue",Typescript,Node.js,,,
Leisure&Travel,smart score,스마트스코어는 골프문화를 선도하고 골프시장 발전에 기여하고자 하는 역동성과 진정성을 아이덴티티에 담았습니다.,https://stack101-icon.s3.ap-northeast-2.amazonaws.com/stack%26company_icon/company/Leisure+_+Travel/company_smartscore_512x512.png,https://www.smartscore.kr/index.html?act=company,Javascript,"Angular,React,Vue,jQuery","Java,Kotlin,PHP",Spring-Boot,"Kotlin,React Native",,
HomeService,생활연구소(life lab),"(주)생활연구소는 2017년 <카카오>출신들이 설립한 회사로 NO.1 홈서비스 플랫폼을 지향합니다.
청소연구소 서비스를 통해 가사서비스를 이용하는 고객 ,가사서비스를 제공하는 매니저에게 새로운 가치를 제공하고 있습니다. 청소연구소는 매월 20% 이상 신규 고객의 증가와,높은 재구매율(85%)을 달성하며 빠르게 성장하고 있습니다.",https://stack101-icon.s3.ap-northeast-2.amazonaws.com/stack%26company_icon/company/Home+Service/company_cleaninglab_512x512.png,https://www.wanted.co.kr/company/5179,,,Ruby,Ruby on Rails,"Flutter,Java,Kotlin,Swift",,
HomeService,버킷플레이스(오늘의집),"‘누구나 예쁜집에 살 수 있어’
우리는 원스톱 인테리어 플랫폼 ‘오늘의집’을 통해 집을 꾸미는 방식을 새롭게 정의합니다.
이를 통해 누구나 쉽고 재미있게 자신의 공간을 만들어가는 문화가 널리 퍼지기를 꿈꿉니다. 우리는 좋은 공간이 인생을 변화시킨다고 믿기에 매일 더 좋은 서비스를 위해 노력합니다.",https://stack101-icon.s3.ap-northeast-2.amazonaws.com/stack%26company_icon/company/Home+Service/company_bucketplace_512x512.png,https://www.wanted.co.kr/company/179,"Javascript,Typescript","React,jQuery",Ruby,Ruby on Rails,"Kotlin,Swift","Adobe,Sketch",
HomeService,미소(miso),"미소는 집에 필요한 서비스를 예약할 수 있는 홈서비스 플랫폼입니다.
호텔에 문제가 생기면 프론트에 연락하듯이 집은 미소가 해결할 수 있도록 발전해 나갑니다.
나중에는 내가 신경 쓰지 않아도 휴지와 비누가 채워져 있는 삶을 누릴 수 있습니다.",https://stack101-icon.s3.ap-northeast-2.amazonaws.com/stack%26company_icon/company/Home+Service/company_miso_512x512.png,https://www.wanted.co.kr/company/459,Javascript,React,"Go,Python,Ruby",Node.js,"Kotlin,Objective-C,React Native","Adobe,Overflow,Sketch","InVision,Zeplin"
HealthCare,비브로스,"안녕하세요? 건강이 편해지는 '똑닥' 서비스를 제공하고 있는 비브로스입니다.
저희 비브로스는 2013년에 처음 설립되었고,헬스케어 분야에서 8년째 열심히 달리고 있습니다.",https://stack101-icon.s3.ap-northeast-2.amazonaws.com/stack%26company_icon/company/HealthCare/company_bbros_512x512.png,https://www.wanted.co.kr/company/1213,"Javascript,Typescript","Angular,React",,Node.js,Swift,,
HealthCare,유비케어,"유비케어는 국내 요양기관 EMR(Electronic Medical Record) 시장 점유율1위 기업입니다.
전국 23,900여 병의원/약국(16,700여 개의 병원,의원,7,200여 개 약국)과 26개에 이르는 전국 법인 대리점을 포함한 국내 최대 의료 네트워크를 구축하고 있으며,이를 바탕으로 EMR,유통,제약/데이터,건강관리등의 사업을 영위하고 있습니다.",https://stack101-icon.s3.ap-northeast-2.amazonaws.com/stack%26company_icon/company/HealthCare/company_ubcare_512x512.png,http://www.saramin.co.kr/zf_user/company-info/view-inner-recruit?csn=2018155688,Javascript,Angular,Java,Spring,,,
HealthCare,루닛(Lunit),루닛은 인공지능을 활용한 암 진단 및 치료의 새 시대를 여는 ‘의료 AI’ 기업입니다. 인공지능 기술을 통해 더 많은 환자를 살리고 기술이 인류에 도움이 되는 방향으로 사용되는 미래를 이끌어가고자 합니다.,https://stack101-icon.s3.ap-northeast-2.amazonaws.com/stack%26company_icon/company/HealthCare/company_lunit_512x512.png,https://www.wanted.co.kr/company/429,,,Python,"Django,Spring",,Adobe,Zeplin
HealthCare,3Billion,"인간 게놈 정보 분석을 바탕으로한 질병 진단과 예측,건강 관리,그리고 이를 바탕으로한 다양한 IT platform 서비스 준비 중",https://stack101-icon.s3.ap-northeast-2.amazonaws.com/stack%26company_icon/company/HealthCare/company_3billion_512x512.png,https://www.rocketpunch.com/companies/3billion/jobs,Javascript,React,Python,Node.js,,,Zeplin
HealthCare,뉴로핏(NEUROPHET),"뉴로핏은 '의료의 한계를 극복하는 진보된 기술로 뇌과학 발전 · 뇌질환 정복에 기여하여 인류의 삶의 질을 향상시킨다.'라는 미션을 품고,뇌과학 기술과 인공지능 기술을 바탕으로 의료 소프트웨어를 개발하는 회사입니다.",https://stack101-icon.s3.ap-northeast-2.amazonaws.com/stack%26company_icon/company/HealthCare/company_neurophet_512x512.png,https://www.wanted.co.kr/company/1890,Javascript,"Angular,React,Vue",,,,,
Hardware,아카에이아이,"AKA는 미국에 본사를 두고 있으며,서울,도쿄,상하이 법인으로 구성된 글로벌 스타트업입니다. 아카에이아이는 AKA의 서울 법인으로,인공지능 엔진,하드웨어 엔지니어링(로봇),뿐 아니라,다양한 교육용 Material까지 개발하고 있는 R&D 연구소로 운영되고 있습니다.",https://stack101-icon.s3.ap-northeast-2.amazonaws.com/stack%26company_icon/company/Hardware/company_musio_512x512.png,https://www.rocketpunch.com/companies/aka,,,Python,"Django,Flask","Java,Kotlin",Sketch,Zeplin
Hardware,베어로보틱스코리아,"Bear Robotics,Inc. is an ex-Googler startup based in Silicon Valley. We are creating solutions for the future of automated casual dining and disrupting the way restaurants are operated. Our MVP,Penny,is an AI-driven autonomous robot that helps with the running and bussing roles in a restaurant.",https://stack101-icon.s3.ap-northeast-2.amazonaws.com/stack%26company_icon/company/Hardware/company_bearrobotics_512x512.png,https://www.wanted.co.kr/company/3903,Typescript,React,Python,"Django,Flask",,,
Game,빅픽처인터렉티브,"빅픽처인터렉티브는 다양한 e스포츠(게이밍)관련 사업을 진행하는
대한민국 최고의 e스포츠 전문가 그룹입니다.",https://stack101-icon.s3.ap-northeast-2.amazonaws.com/stack%26company_icon/company/Game/company_bigpi_512x512.png,https://www.wanted.co.kr/company/2423,Javascript,"Angular,React,Vue","Java,Javascript","Node.js,Spring",,"Adobe,Sketch",Zeplin
Game,Npixel,"게임의 판을 뒤집는 대담한 혁신이 시작되는 곳,
여기는 엔픽셀입니다.",https://stack101-icon.s3.ap-northeast-2.amazonaws.com/stack%26company_icon/company/Game/company_npixel_512x512.png,http://www.gamejob.co.kr/Company/Detail?M=24244566,Javascript,Angular,Java,Spring,,,
Game,Bagel code,"베이글코드는 진정한 글로벌 기업입니다.
베이글코드는 국내외 메이저 회사에서 다양한 경험을 쌓은 120여명의 멤버들이 한국,영국,미국,캐나다,호주,이스라엘,우크라이나 등지에서 함께 하고 있으며,
전세계 4,000만명 이상의 유저들이 플레이하고 있는 글로벌 게임 회사입니다.",https://stack101-icon.s3.ap-northeast-2.amazonaws.com/stack%26company_icon/company/Game/company_bagelcode_512x512.png,https://www.wanted.co.kr/company/36,,,Javascript,Node.js,,,
Game,OP.GG,"Analytics Inspire Better Gaming
오피지지는 글로벌 게이밍과 이스포츠 산업에서 1티어 기업을 꿈꾸는 스타트업입니다. 우리는 게임 데이터를 분석하는 서비스를 만들며,게임을 더 재밌게 경험하는데 필요한 다양한 인사이트를 전 세계 게이머들에게 제공합니다.",https://stack101-icon.s3.ap-northeast-2.amazonaws.com/stack%26company_icon/company/Game/company_opgg_512x512.png,https://www.wanted.co.kr/company/178,"Javascript,Typescript","React,Vue","Java,PHP","Laravel,Spring,Spring-Boot","Java,Kotlin,Objective-C,Swift",Sketch,Zeplin
Food,포잉,신뢰할 수 있는 외식 통합 플랫폼으로 미식 문화의 발전에 기여하고자 합니다.,https://stack101-icon.s3.ap-northeast-2.amazonaws.com/stack%26company_icon/company/Food/company_poing_512x512.png,https://www.wanted.co.kr/company/4,,,PHP,,Kotlin,Sketch,Zeplin
Food,딜리버리히어로 코리아,글로벌 푸드테크 시장을 개척해 나가고 있는 Delivery Hero!,https://stack101-icon.s3.ap-northeast-2.amazonaws.com/stack%26company_icon/company/Food/company_yogiyo_512x512.png,https://www.wanted.co.kr/company/35,Javascript,"Angular,jQuery","Java,Javascript,PHP,Python,Ruby","Django,Flask,Ruby on Rails,Spring","Java,Kotlin",,
Food,띵동(허니비즈),허니비즈는 [띵동]이라는 모바일 온디맨드 플랫폼과 [씽씽]이라는 마이크로 모빌리티 서비스를 만듭니다.,https://stack101-icon.s3.ap-northeast-2.amazonaws.com/stack%26company_icon/company/Food/company_ddingdong_512x512.png,https://www.wanted.co.kr/company/6812,"Javascript,Typescript",React,,Node.js,"Java,Objective-C,React Native,Swift",,
Food,식권대장 (벤디스),"벤디스는 '모바일 식권'을 최초로 개발하고 '기업용 식대관리솔루션' 시장을 개척한 시장 선두 기업으로 기존의 현상에 도전하여 종이 식권 문화를 모바일 식권 문화로 바꾸었으며,직장인들에게 더 많은 편리함과 더 나은 식대 문화를 선사하였습니다.",https://stack101-icon.s3.ap-northeast-2.amazonaws.com/stack%26company_icon/company/Food/company_sikdae_512x512.png,https://www.wanted.co.kr/company/1243,,,,"Node.js,Spring-Boot",,,
Fintech,어니스트펀드,"혁신가들이 모여 IT 기술의 힘으로 금융을 정직하게 바꾸는 핀테크 기업,어니스트펀드입니다.",https://stack101-icon.s3.ap-northeast-2.amazonaws.com/stack%26company_icon/company/Fintech/company_hf_512x512.png,https://www.wanted.co.kr/company/634,,,Java,,Kotlin,,
Fintech,와디즈,와디즈는 자금이 필요한 스타트업 및 창업기업을 돕는 국내 최대 크라우드펀딩 플랫폼입니다.,https://stack101-icon.s3.ap-northeast-2.amazonaws.com/stack%26company_icon/company/Fintech/company_wadiz_512x512.png,https://www.wanted.co.kr/company/645,Javascript,React,"Java,Javascript",,"Kotlin,Swift",Sketch,Zeplin
Fintech,펀다,"펀다는 국내 유일의 자영업 전문 핀테크 기업으로,'건실한 상점에 안전한 투자를 연결합니다' 라는 슬로건 아래 P2P대출/투자 서비스를 연결하고 있습니다.",https://stack101-icon.s3.ap-northeast-2.amazonaws.com/stack%26company_icon/company/Fintech/company_funda_512x512.png,https://www.wanted.co.kr/company/697,Javascript,"Angular,React",,"Django,Spring",,,
Fintech,렌딧,렌딧은 2015년 3월에 설립된 P2P금융기업으로 본인의 신용도에 맞는 적정 금리를 찾는 대출자와 중위험-중수익을 추구하는 투자자를 연결하는 온라인 플랫폼 서비스를 개발하고 운영합니다.,https://stack101-icon.s3.ap-northeast-2.amazonaws.com/stack%26company_icon/company/Fintech/company_lendit_512x512.png,https://www.wanted.co.kr/company/406,,,,,,,
Fintech,에잇퍼센트,"8퍼센트는 ‘더 많은 사람들의 이자 부담을 줄인다’는 목표를 지닌 금융기술(Fintech) 스타트업으로서 대출,투자 분야의 혁신을 만들어 가고 있습니다.",https://stack101-icon.s3.ap-northeast-2.amazonaws.com/stack%26company_icon/company/Fintech/company_8percent_512x512.png,https://www.wanted.co.kr/company/734,,,,,,,
Fintech,비바리퍼블리카(Toss),대한민국 금융 혁신을 선도하고 있는 토스는 2015년 2월 공인인증서 없이 쉽고 빠르게 송금할 수 있는 간편 송금 서비스를 선보인 이래 40여개 이상의 다양한 금융 서비스를 선보이며 가파르게 성장하고 있습니다.,https://stack101-icon.s3.ap-northeast-2.amazonaws.com/stack%26company_icon/company/Fintech/company_toss_512x512.png,https://www.wanted.co.kr/company/113,Javascript,"Angular,React,Vue","Java,Kotlin",Spring,,"Protopie,Sketch",
Fintech,레이니스트(뱅크샐러드),레이니스트는 정보 비대칭성 해결을 통해 금융시장을 혁신할 핀테크 기업입니다.,https://stack101-icon.s3.ap-northeast-2.amazonaws.com/stack%26company_icon/company/Fintech/company_banksalad_512x512.png,https://www.wanted.co.kr/company/63,Javascript,React,"Java,Kotlin",Spring-Boot,"Kotlin,Swift",Sketch,"InVision,Zeplin"
Fintech,밸런스히어로(트루밸런스),"스마트폰은 있지만 신용카드가 없는 사람들
금융에서 소외 되었던 사람들에게 스마트폰과 기술을 통해
금융의 장벽을 낮추고 부담없이 다가갈 수 있는
세상을 만드는 것이 목표입니다.",https://stack101-icon.s3.ap-northeast-2.amazonaws.com/stack%26company_icon/company/Fintech/company_truebalance_512x512.png,https://www.wanted.co.kr/company/19,,,Java,Spring,Kotlin,"Figma,Protopie,Sketch",
Fintech,피플펀드,"""Extraordinary Finance for The Ordinary"" 보통 사람을 위한 보통이 아닌 금융,피플펀드",https://stack101-icon.s3.ap-northeast-2.amazonaws.com/stack%26company_icon/company/Fintech/company_peoplefund_512x512.png,https://www.rocketpunch.com/companies/peoplefund/jobs,,,,,,,
Fintech,블로코,블로코는 국내에서 가장 많은 사례를 확보한 블록체인 전문 기술회사입니다.,https://stack101-icon.s3.ap-northeast-2.amazonaws.com/stack%26company_icon/company/Fintech/company_blocko_512x512.png,https://www.wanted.co.kr/company/687,Javascript,"Angular,React,Vue,jQuery",,,,,Zeplin
Fintech,한국신용데이터(캐시노트),"데이터와 연결을 기반으로 사업자 경영활동을 돕기 위해 캐시노트를 출시했습니다. 캐시노트는 카카오톡만으로 모든 기능을 이용할 수 있는 것이 특징으로,중소사업자 경영관리 시장에 새로운 패러다임을 제시했다는 평을 받고 있습니다.",https://stack101-icon.s3.ap-northeast-2.amazonaws.com/stack%26company_icon/company/Fintech/company_kcd_512x512.png,https://www.wanted.co.kr/company/890,,React,"Python,Ruby",Ruby on Rails,,,
Fintech,보맵,보맵은 2015년에 설립한 스타트업 회사로 보험사 어플리케이션을 일일이 설치할 필요없는 보험사 통합 어플리케이션 보맵(bomapp)을 만들고 운영하고 있습니다.,https://stack101-icon.s3.ap-northeast-2.amazonaws.com/stack%26company_icon/company/Fintech/company_bomapp_512x512.png,https://www.wanted.co.kr/company/1920,Javascript,"Angular,React,Vue",,,"Kotlin,Swift",,
Fintech,딥서치,방대한 기업 데이터를 손쉽게 다룰 수 있도록 제공합니다.,https://stack101-icon.s3.ap-northeast-2.amazonaws.com/stack%26company_icon/company/Fintech/company_deepsearch_512x512.png,https://www.wanted.co.kr/company/651,Javascript,React,"Java,Python",,,,
Fintech,카사(Kasa),카사는 전세계 모든 자산에 누구든 투자할 수 있게 한다는 미션 아래 부동산 투자의 높은 장벽을 블록체인을 활용한 기술 혁신으로 해결하는 프롭테크(PropTech) 기업입니다.,https://stack101-icon.s3.ap-northeast-2.amazonaws.com/stack%26company_icon/company/Fintech/company_kasa_512x512.png,https://www.wanted.co.kr/company/4325,Javascript,,"Go,Java,Python","Django,Node.js","Objective-C,Swift",Sketch,Zeplin
Fintech,테라핀테크(테라펀딩),"테라핀테크가 운영 중인 P2P금융 서비스,테라펀딩은 어렵고 복잡한 기존 금융으로부터 소외 받은 투자자,대출자를 위한 합리적인 대체 금융 플랫폼입니다.",https://stack101-icon.s3.ap-northeast-2.amazonaws.com/stack%26company_icon/company/Fintech/company_terafunding_512x512.png,https://www.wanted.co.kr/company/168,Javascript,"Angular,React,Vue",,,,,
Fashion&Beauty,PPB Studios,"Data Driven Trend를 키워드로 하는 글로벌 패션 이커머스 회사입니다.
츄,아이스크림12,달리호텔,하파크리스틴의 메인 브랜드를 전세계를 대상으로 온라인과 오프라인에서 판매 중입니다.",https://stack101-icon.s3.ap-northeast-2.amazonaws.com/stack%26company_icon/company/Fashion+_+Beauty/company_ppb_512x512.png,https://www.wanted.co.kr/company/810,Javascript,jQuery,,,,,
Fashion&Beauty,크로키닷컴(ZIGZAG),"크로키닷컴이 운영하고 있는 여성 쇼핑몰 모음 앱 '지그재그'는 온라인 쇼핑에서 구매자가 원하는 상품,판매자가 원하는 고객 연결에 초점을 두고 있습니다.",https://stack101-icon.s3.ap-northeast-2.amazonaws.com/stack%26company_icon/company/Fashion+_+Beauty/company_zigzag_512x512.png,https://bit.ly/2WeESdP,Javascript,"React,Vue","Java,Javascript,Python","Node.js,Spring","Java,Kotlin,Swift",Sketch,InVision
Fashion&Beauty,Althea,,https://stack101-icon.s3.ap-northeast-2.amazonaws.com/stack%26company_icon/company/Fashion+_+Beauty/company_althea_512x512.png,https://www.wanted.co.kr/company/1526,,,"Go,PHP,Python",Node.js,,,
Fashion&Beauty,브랜디(Brandi),모바일에 최적화된 쇼핑 환경을 구현하는 패션 커머스 기업입니다.,https://stack101-icon.s3.ap-northeast-2.amazonaws.com/stack%26company_icon/company/Fashion+_+Beauty/company_brandi_512x512.png,http://www.brandiinc.com/recruit/,,,"PHP,Python",,,"Adobe,Protopie,Sketch",
Fashion&Beauty,BALAAN,"아시아 최초의 명품 온라인 부티크,발란
발란은 유통구조 혁신과 IT 기술을 통해 명품 패션 시장의 문제를 해결하는,
거대한 명품 시장에서 가장 빠르게 성장하는 플랫폼입니다.",https://stack101-icon.s3.ap-northeast-2.amazonaws.com/stack%26company_icon/company/Fashion+_+Beauty/company_balaan_512x512.png,https://www.wanted.co.kr/company/2096,Javascript,"Vue,jQuery","Javascript,PHP",Node.js,"Kotlin,Swift","Adobe,Sketch","InVision,Zeplin"
Fashion&Beauty,스타일쉐어,"스타일쉐어는 국내 1등 패션·뷰티 커뮤니티 기반 커머스 'StyleShare'를 운영하는 회사입니다.
600만 회원,대한민국 1525 여성의 62%가 스타일쉐어를 통해 트렌드를 탐색하고,쇼핑을 즐깁니다.
스타일쉐어는 SNS와 스토어를 연결해 원스톱 쇼핑이 가능한 국내 유일의 커머스입니다.",https://stack101-icon.s3.ap-northeast-2.amazonaws.com/stack%26company_icon/company/Fashion+_+Beauty/company_styleshare_512x512.png,https://www.wanted.co.kr/company/7,"Javascript,Typescript","React,Vue","Java,PHP,Python","Flask,Laravel","Kotlin,Swift",Sketch,
Fashion&Beauty,딜리셔스(신상마켓),신상마켓은 경제 규모 10조원대의 동대문 도매시장의 도매 사업장 중 여성 타겟 매장의 70%가 입점하여 누적 거래액 1조원 돌파를 앞두고 있는 국내 최대 No 1. 패션 B2B 커머스 플랫폼입니다.,https://stack101-icon.s3.ap-northeast-2.amazonaws.com/stack%26company_icon/company/Fashion+_+Beauty/company_sinsangmarket_512x512.png,https://www.wanted.co.kr/company/3059,Javascript,"Angular,React,Vue",Java,Spring,"Objective-C,Swift",,
Fashion&Beauty,MUSINSA,"무신사는 500만명 이상의 회원을 보유한 온라인 패션/정보 분야 1위의 매체인 웹매거진 ‘무신사닷컴’을 운영하고 있으며,약 4,000개의 브랜드를 취급하는 종합패션브랜드 1위의 온라인스토어 ‘무신사스토어‘를 함께 운영하는 회사입니다.",https://stack101-icon.s3.ap-northeast-2.amazonaws.com/stack%26company_icon/company/Fashion+_+Beauty/company_musinsa_512x512.png,https://www.wanted.co.kr/company/4248,Javascript,"React,Vue","Java,PHP",Spring-Boot,"Kotlin,Swift",Sketch,
Fashion&Beauty,디홀릭커머스,"㈜디홀릭커머스는 글로벌시장(일본)에서 K패션과 K뷰티을 주도하는 이커머스 플랫폼입니다.
2001년 여성의류 온라인 쇼핑몰 ""다홍""으로 처음 사업을 시작하여 국내에서 인지도를 높였고 2006년 중국진출,2007년 일본진출을 통해 글로벌 이커머스 기업으로 자리 잡았습니다.",https://stack101-icon.s3.ap-northeast-2.amazonaws.com/stack%26company_icon/company/Fashion+_+Beauty/company_dholic_512x512.png,http://www.jobkorea.co.kr/Recruit/Co_Read/Recruit/C/dahongju?GI_Part_Code=0&Search_Order=1&ChkDispType=1&Part_Btn_Stat=0,Javascript,jQuery,C#,.net,,,
Education,패스트캠퍼스,"우리는 사람들을 성장시키며 사람들을 통해 성장합니다.
우리는 Life-changing Education을 목표로 하는 패스트캠퍼스입니다.",https://stack101-icon.s3.ap-northeast-2.amazonaws.com/stack%26company_icon/company/Education/company_fastcampus_512x512.png,https://www.fastcampus.co.kr/info/recruiting,,,Java,,Kotlin,,
Education,뤼이드(Riiid),뤼이드는 머신 러닝과 데이터 마이닝 기술을 기반으로 인공 지능 어댑티브 러닝을 실현하는 기술 기반 교육 스타트업입니다.,https://stack101-icon.s3.ap-northeast-2.amazonaws.com/stack%26company_icon/company/Education/company_riiid_512x512.png,https://www.wanted.co.kr/company/341,Javascript,,"C#,Kotlin",".net,Spring-Boot","Kotlin,Swift","Adobe,Figma,Sketch",
Education,에스티유니타스(ST Unitas),"ST Unitas는 지난 2010년 4명 남짓한 구성원이 모여 온라인 교육사업을 시작해 '대한민국에서 가장 빠른 로켓'이라는 평가를 받으며 창업 6년 만에 1,100여명의 직원이 함께하는 회사로 성장한 대한민국 최대의 에듀테크 기업입니다.",https://stack101-icon.s3.ap-northeast-2.amazonaws.com/stack%26company_icon/company/Education/company_stunitas_512x512.png,https://www.wanted.co.kr/company/717,Javascript,"React,Vue","Java,PHP,Python,Ruby","Node.js,Ruby on Rails,Spring","Kotlin,Swift",,
Education,퀄슨,"에듀테크 스타트업 퀄슨은 영화,미드,애니메이션,TV쇼 등 다양한 실세계 컨텐츠에 기반한 어학교육 서비스를 만들며,유저들에게 새로운 영어 공부 경험을 제공하고 있습니다.",https://stack101-icon.s3.ap-northeast-2.amazonaws.com/stack%26company_icon/company/Education/company_qualson_512x512.png,https://www.wanted.co.kr/company/1291,,,Java,Spring-Boot,"Kotlin,React Native",,
Education,매스프레소,매스프레소는 전 세계에 평등한 교육 기회를 제공하는 기업입니다.,https://stack101-icon.s3.ap-northeast-2.amazonaws.com/stack%26company_icon/company/Education/company_mathpresso_512x512.png,https://www.wanted.co.kr/company/1628,,,Python,Django,Kotlin,Sketch,Zeplin
Education,클래스101,"우리는 ’누구나 사랑하는 일을 하며 살 수 있도록’이라는 미션으로 온라인 클래스 플랫폼 ‘클래스 101’을 운영하고 있습니다. 다양한 분야의 크리에이터에게서 디자인,음악,요리,운동 등 여러 활 동을 배울 수 있고,고객이 수강을 신청하면 준비물 키트도 함께 보내드리는 서비스입니다.",https://stack101-icon.s3.ap-northeast-2.amazonaws.com/stack%26company_icon/company/Education/company_class101_512x512.png,https://www.wanted.co.kr/company/3257,Typescript,"Angular,React,Vue",Java,Spring,,,
E-commerce&Logistics,링크샵스(Linkshops),"2012년 7월.
""전 세계 패션사업 간의 도ㆍ소매를 연결해주자!"" 라는 생각으로 패션의 메카 동대문에서 「링크샵스」의 긴 여정이 시작 되었습니다.
다양한 시행 착오와 준비 끝에 현재는 국내ㆍ외 상인들이 동대문에 직접 방문하지 않아도 5천여개의 상점과 15만여개의 상품을 웹/모바일로 만날 수 있습니다.",https://stack101-icon.s3.ap-northeast-2.amazonaws.com/stack%26company_icon/company/Ecommerce+_+Logistics/company_linkshops_512x512.png,https://www.wanted.co.kr/company/116,Javascript,"React,Vue",Python,"Node.js,Spring",Objective-C,,
E-commerce&Logistics,당근마켓,"당근마켓은 동네 이웃 간의 연결을 도와 따뜻하고 활발한 교류가 있는 지역 사회를 꿈꾸고 있어요.
중고 직거래를 시작으로 클래스·모임,동네 생활 정보,동네 Q&A 등을 포함하는 지역 기반 서비스가 되기 위해 노력하고 있답니다. 당신의 근처에서 다양한 거래 정보가 오가는 따뜻한 서비스를 만들고 싶어요.",https://stack101-icon.s3.ap-northeast-2.amazonaws.com/stack%26company_icon/company/Ecommerce+_+Logistics/company_daangnmarket_512x512.png,https://www.notion.so/07ca1fda22584d60a48ef43a8cf9bab0,"Javascript,Typescript","Angular,React,Vue","Java,Typescript",Node.js,Kotlin,,
E-commerce&Logistics,쿠팡(Coupang),"우리의 미션은 고객과 직원,파트너의 일상을 혁신하는 것입니다. 쿠팡은 그 누구도 해결하지 못한 문제를 해결하여 사람들이 “쿠팡 없이 어떻게 살았을까?” 라고 생각하는 세상을 만들고자 합니다. 새로운 것을 개발하고 일상을 혁신하는 일에 열정을 가진 분이라면,쿠팡의 여정에 동참하세요!",https://stack101-icon.s3.ap-northeast-2.amazonaws.com/stack%26company_icon/company/Ecommerce+_+Logistics/company_coupang_512x512.png,https://www.wanted.co.kr/company/53,Javascript,React,Java,Spring,"Java,Kotlin","Adobe,Sketch",Zeplin
E-commerce&Logistics,비투링크(B2link),"2014년 설립된 ‘비투링크(B2LiNK)’는 한국 본사와 중국,일본,베트남 및 미국 등 총 다섯 개 지사를 보유하고 있는 스타트업입니다.
국내 뷰티 기업의 중국/동남아시아 등 해외진출을 돕는 원스탑 글로벌 유통 서비스를 제공하며 해외 시장 진출시 필요한 전 과정(위생허가 및 마케팅,판매,CS 서비스,물류 및 상품 큐레이션 등) 을 대행해 줍니다.",https://stack101-icon.s3.ap-northeast-2.amazonaws.com/stack%26company_icon/company/Ecommerce+_+Logistics/company_b2link_512x512.png,https://www.wanted.co.kr/company/140,,,,,,,
E-commerce&Logistics,백패커(idus),"‘아이디어스’는 손으로 만든 가치 있는 상품들을 작가들이 직접 등록/판매하는 마켓 플랫폼으로 현재(2020년 2월 기준) 약 1만 5천명의 작가가 입점하여 수공 액세서리부터 의류,수제 먹거리까지 총 20만 개 이상의 다양한 카테고리의 작품들을 판매합니다. 누적 앱 다운로드 814만,누적 거래액 2,498억,이용자 재구매율이 80%에 달하며,매년 거래액 기준 2배 이상 빠르게 성장하여 핸드메이드 마켓 플레이스에서 독보적인 선두 자리를 고수하고 있습니다.",https://stack101-icon.s3.ap-northeast-2.amazonaws.com/stack%26company_icon/company/Ecommerce+_+Logistics/company_idus_512x512.png,https://www.wanted.co.kr/company/282,,"React,Vue,jQuery","PHP,Python","Django,Flask","Java,Kotlin,Objective-C,Swift",Sketch,Zeplin
E-commerce&Logistics,위메프,"집요하게 고객만족 오직 한 가지에만 멈춤 없이 집착합니다.
어떻게 하면 고객만족이 가능할지,그것이 무엇보다 궁금하고,그 해법을 찾기 위해 노력합니다.
수단이 아닌 궁극적 목적으로서,진심으로 고객만족을 실현하는 것이 위메프의 사명이요,존재 이유입니다.",https://stack101-icon.s3.ap-northeast-2.amazonaws.com/stack%26company_icon/company/Ecommerce+_+Logistics/company_wemakeprice_512x512.png,https://www.wanted.co.kr/company/1362,Javascript,"Angular,React,jQuery","C#,Java,Python","Django,Flask,Spring","Objective-C,Swift","Adobe,Protopie,Sketch",Zeplin
E-commerce&Logistics,크몽(Kmong),"크몽은 전문가가 서비스를 판매하여 수익을 얻고,사용자가 필요한 서비스를 구매하여 이용할 수 있는 국내 최대 프리랜서 마켓입니다.
크몽팀은 디자인,마케팅,IT&개발,컨텐츠 제작,통번역 등 다양한 서비스 카테고리를 기반으로 직업과 직장의 경계를 허물며 사람들이 스스로 경제 주체가 되어 행복하게 일하는 세상을 만들고 있습니다.",https://stack101-icon.s3.ap-northeast-2.amazonaws.com/stack%26company_icon/company/Ecommerce+_+Logistics/company_kmong_512x512.png,https://www.wanted.co.kr/company/2051,,,,,,Sketch,Zeplin
E-commerce&Logistics,메쉬코리아(부릉),"메쉬코리아는 대한민국의 물류 시장을 혁신하고 있는 기술 스타트업입니다. 통합 물류 브랜드 “부릉(VROONG)”을 통해 2륜차 배송을 넘어 더 다양한 물류 서비스(실시간 배송,당일 배송,4륜 배송,TMS,OMS,Friends 등)를 제공합니다.
500여 개의 탑 브랜드(버거킹,맥도날드,BBQ,본죽,파리바게뜨,홍콩반점0410,CU,올리브영 등)와 130여 개의 화주사(이마트,롯데마트,SPC,더본코리아,SSG 등)에 최고 품질의 물류 서비스를 제공 중입니다.",https://stack101-icon.s3.ap-northeast-2.amazonaws.com/stack%26company_icon/company/Ecommerce+_+Logistics/company_meshkorea_512x512.png,https://www.wanted.co.kr/company/676,Typescript,React,"Java,PHP",Spring,"Java,Kotlin",,
E-commerce&Logistics,카플랫,"카플랫은 카플랫은 모빌리티 자원을 효율적으로 활용할 수 있는 방법을 제안합니다.
렌터카 예약 플랫폼을 시작으로 모빌리티 라이프 스타일 맞춤형 서비스를 지향합니다.
카플랫은 대한민국 모빌리티 시장을 선도하기 위해 노력하고 있습니다.",https://stack101-icon.s3.ap-northeast-2.amazonaws.com/stack%26company_icon/company/Ecommerce+_+Logistics/company_carplat_512x512.png,https://www.wanted.co.kr/company/2086,"Javascript,Typescript","React,Vue",,,,Adobe,Zeplin
E-commerce&Logistics,피알앤디컴퍼니(헤이딜러),"헤이딜러는 소중한 차를 파는 사람들의 고민과 불편을 해결합니다.
자동차는 대부분의 사람들에게 1,2호 재산이자,일상의 이동을 함께하는 동반자입니다.
우리는 사람들이 정들었던 차와 잘 이별하고,새로운 차와 기분좋게 시작하는 것을 돕습니다.",https://stack101-icon.s3.ap-northeast-2.amazonaws.com/stack%26company_icon/company/Ecommerce+_+Logistics/company_heydealer_512x512.png,https://www.wanted.co.kr/company/1160,,,,,Swift,,
E-commerce&Logistics,중고나라,"중고나라는 국내 최대 중고거래 플랫폼입니다. 지금 이순간 대한민국에서 가장 활발한 개인간 거래가 이뤄지는 곳,중고나라는 2003년 12월 오픈 후 지난 16년 간 대한민국의 공유경제의 중심에 있습니다. 중고나라는 모바일 기술을 통해 보다 자유롭게 소통하며,편리하게 거래할 수 있는 환경을 제공하여 세상에서 가장 빠르고 안전한 커머스 플랫폼을 구축하고자 합니다. 중고나라는 나에게 가치를 다한 물품이 필요로 하는 사람에게 전달되어 새로운 가치를 창출하는 ‘자원의 선순환’을 통해 더불어 살아가는 삶의 가치를 확산시키는 것에 앞장서고 있습니다.",https://stack101-icon.s3.ap-northeast-2.amazonaws.com/stack%26company_icon/company/Ecommerce+_+Logistics/company_joonggonara_512x512.png,https://www.wanted.co.kr/company/4857,Javascript,"Angular,React,Vue",,,"Java,Kotlin","Adobe,Sketch",
E-commerce&Logistics,파킹클라우드,"파킹클라우드는 2009년에 설립된 회사로 자본금 53억원,매출액 515억4천만,사원수 426명 규모의 벤처기업입니다. 서울특별시 영등포구 영등포로3길 19 (양평동2가)에 위치하고 있으며,스마트 주차 솔루션 매니지먼트,IoT 사업을 하고 있습니다.
스마트주차솔루션 아이파킹을 운영하고 있는 파킹클라우드는 국내 주차 시장에서 가파른 성장을 기록중이며 스마트주차솔루션
아이파킹을 운영하고 있습니다.
주차 O2O 산업의 새로운 패러다임을 경험하고,파킹클라우드 미래의 원동력이 될 직원을 모집합니다.",https://stack101-icon.s3.ap-northeast-2.amazonaws.com/stack%26company_icon/company/Ecommerce+_+Logistics/company_iparking_512x512.png,https://www.wanted.co.kr/company/1640,,,"C#,Java","Spring,Spring-Boot","Objective-C,Swift",,
E-commerce&Logistics,컬리(kurly),"마켓컬리는 식료품의 생산,물류,유통을 혁신하여 생산자와 소비자가 함께 행복한 Online Grocery Service를 만들자는 비전으로 시작한 스타트업입니다.
2015년에 시작된 마켓컬리는 배송,구색,CS 등에서 까다로운 주부들의 뜨거운 지지로 지난 4년간 빠르게 성장하였으며,더 큰 미래를 향해 나아가고 있습니다.
우리는 컨설팅,금융,대기업 경험을 가진 경영진과 MD,에디터,디자이너,푸드스타일리스트,개발자,전략,마케팅,고객상담,물류 전문가 등 다양한 현장 경험을 가진 인재들이 모인 회사입니다.",https://stack101-icon.s3.ap-northeast-2.amazonaws.com/stack%26company_icon/company/Ecommerce+_+Logistics/company_kurly_512x512.png,https://www.wanted.co.kr/company/426,Javascript,"React,Vue","Java,PHP",Spring,,Sketch,Zeplin
E-commerce&Logistics,티몬(Tmon),"No.1 타임커머스,티몬
매일,매 순간 쇼핑에 대한 모든 것을 충족시키는 국내 유일한 타임커머스이자,
소비자와 판매자에게 놀라운 경험을 선사하는 판매 및 마케팅 플랫폼으로 성장하고 있습니다.",https://stack101-icon.s3.ap-northeast-2.amazonaws.com/stack%26company_icon/company/Ecommerce+_+Logistics/company_tmon_512x512.png,https://www.wanted.co.kr/company/408,,"Angular,React,Vue",,,"Objective-C,Swift",,
E-commerce&Logistics,"브레이브모바일(숨고,Soomgo)","안녕하세요,국내 최고의 생활서비스 매칭플랫폼 숨고입니다.
누구나 손쉽게 전문가를 찾고,누구나 나에게 맞는 고객을 찾기는 어렵습니다.
고객은 발품 팔지 않고 전문가인 숨은고수를 찾을 수 있고,
전문가는 쉽고 빠르게 고객을 찾고 비즈니스 구축을 시작할 수 있는 곳.
바로 우리가 만들어 나가는 '숨고'에서는 가능합니다.",https://stack101-icon.s3.ap-northeast-2.amazonaws.com/stack%26company_icon/company/Ecommerce+_+Logistics/company_soomgo_512x512.png,https://www.wanted.co.kr/company/2902,"Javascript,Typescript","Angular,React,Vue",Python,Laravel,"Java,Objective-C,React Native,Swift",,
E-commerce&Logistics,직방,"대한민국 대표 부동산정보 플랫폼 직방!
직방은 오피스텔,원룸,투룸 뿐 아니라 아파트까지 대한민국의 부동산 정보를 제공하는 모바일/온라인 서비스입니다. 바쁜 현대인들이 집을 구할 때 직방에서 미리 보고 부동산중개소를 찾아가게 함으로써 살아갈 곳을 정하는 데 드는 시간을 줄여줍니다. 무엇보다 신뢰할 수 있는 매물 정보를 제공하기 위해 ‘안심중개사’,‘헛걸음보상제’ 등 다양한 정책을 마련해 운영하고 있습니다. 또 젊은 세대들의 필요와 사회적 변화,라이프스타일에 맞추어 소통하기 위한 다양한 공감 마케팅을 펼치고 있습니다.",https://stack101-icon.s3.ap-northeast-2.amazonaws.com/stack%26company_icon/company/Ecommerce+_+Logistics/company_zigbang_512x512.png,https://www.wanted.co.kr/company/80,,"Angular,React",,Node.js,"Kotlin,Objective-C,React Native",Sketch,Zeplin
E-commerce&Logistics,바로고(barago),연결을 연구하는 전문가 그룹 ‘바로고’는 근거리 물류 IT플랫폼 회사입니다.,https://stack101-icon.s3.ap-northeast-2.amazonaws.com/stack%26company_icon/company/Ecommerce+_+Logistics/company_barogo_512x512.png,https://www.wanted.co.kr/company/436,,,Java,Node.js,"Flutter,React Native",Adobe,
Content&Information,레진엔터테인먼트,"재미로 세상을 구하자!
일상의 즐거움부터 은밀한 재미까지,전세계의 다양한 작품과 사용자들을 연결합니다.
레진엔터테인먼트는 프리미엄 웹툰 서비스 '레진코믹스'를 운영하는 글로벌 콘텐츠 기업입니다.
양질의 웹툰 콘텐츠를 제작하고 유통하며,웹툰을 기반으로 영화/드라마 등 다양한 미디어와 연계하여 새로운 가치를 만들고 있습니다.",https://stack101-icon.s3.ap-northeast-2.amazonaws.com/stack%26company_icon/company/Content+_+Information/company_Lezhin_512x512.png,https://www.wanted.co.kr/company/853,,,Java,,,,
Content&Information,로앤컴퍼니(lawtalk),로앤컴퍼니는 선진화된 IT 기술을 접목하여 법률 서비스의 대중화를 선도하는 법률 테크 스타트업으로서 2012년 7월 법인을 설립하여 만 7년이 넘은 중견 스타트업입니다.,https://stack101-icon.s3.ap-northeast-2.amazonaws.com/stack%26company_icon/company/Content+_+Information/company_Lawcompany_512x512.png,https://www.wanted.co.kr/company/83,,,,Node.js,,,
Content&Information,왓챠,"왓챠는 “개인을 제일 잘 아는 서비스를 통해 즐거운 문화 경험을 만든다.”라는 비전 아래,책임감과 실력을 갖춘 사람들이 즐겁게 성장할 수 있는 팀을 만들어 가고 있습니다.",https://stack101-icon.s3.ap-northeast-2.amazonaws.com/stack%26company_icon/company/Content+_+Information/company_watcha_512x512.png,https://www.wanted.co.kr/company/29,,React,,,"Java,Kotlin",Sketch,
Content&Information,샌드박스네트워크(Sandbox),"2015년 6월 설립한 샌드박스 네트워크는 유튜브 크리에이터와 스태프가 함께,즐겁게 컨텐츠를 만들고 팬들을 만나는 곳입니다. 크리에이터 콘텐츠의 핵심은 창의성이기에 창의성을 유지할수 있는 문화를 만들어가고 있습니다. 구글출신의 CEO와 유튜브 크리에이터 출신의 CCO가 창업한 회사인 만큼 구글의 좋은 문화와 크리에이터들이 가진 자유로운 독창성을 녹여내기 위해 부단히 노력중입니다.",https://stack101-icon.s3.ap-northeast-2.amazonaws.com/stack%26company_icon/company/Content+_+Information/company_sandbox_512x512.png,https://www.wanted.co.kr/company/153,Javascript,"Angular,React,Vue","Java,Python",Node.js,,,
Content&Information,밀리의서재,"""독서와 무제한 친해지리""
밀리의 서재는 독서로 더 가치 있는 일상을 만듭니다.",https://stack101-icon.s3.ap-northeast-2.amazonaws.com/stack%26company_icon/company/Content+_+Information/company_millie_512x512.png,https://www.wanted.co.kr/company/2331,"Javascript,Typescript",,,Node.js,,,
Content&Information,스푼라디오,"(주)스푼라디오는 개인 오디오 방송 플랫폼,스푼을 운영하고 있으며,
스푼은 스마트폰을 통해 실시간 또는 녹음 방송을 할 수 있도록 지원합니다.",https://stack101-icon.s3.ap-northeast-2.amazonaws.com/stack%26company_icon/company/Content+_+Information/company_spoon_512x512.png,https://www.wanted.co.kr/company/1810,,,,,"Java,Kotlin,Objective-C,Swift",,
Content&Information,잡플래닛,"지금 이 순간에도 잡플래닛을 방문하는 월 300만명의 회원들은 이것이 최선인지 고민합니다. 그래서 잡플래닛은 취업과 이직이라는,인생의 갈림길에서 뒤돌아오지 않아도 되는 결정을 하는데 무엇이 필요한지 어떻게 해야 할지 고민합니다. 동시에,안주하지 않고 쉼 없이 성장해 온 기업이 가치에 걸맞는 인정을 받을 수 있는 사회를 그립니다. 모두가 '잡플래닛 덕분에 더 편해! 더 좋아졌어!'라고 말하는 세상을 꿈꾸며,구직자,기업,공공기관 등 모두가 더 나은 선택을 하는데 필요한 플랫폼을 만들어 갑니다.",https://stack101-icon.s3.ap-northeast-2.amazonaws.com/stack%26company_icon/company/Content+_+Information/company_jobplanet_512x512.png,https://www.jobplanet.co.kr/companies/86783/landing/잡플래닛,,,,,"Objective-C,Swift",,Zeplin
Content&Information,오지큐,세계 1위 배경화면 모바일 어플리케이션 OGQ Backgrounds와 디지털 리소스 마켓 플랫폼인 Naver OGQ마켓과 아프리카TV OGQ마켓을 서비스하고 있습니다.,https://stack101-icon.s3.ap-northeast-2.amazonaws.com/stack%26company_icon/company/Content+_+Information/company_ogq_512x512.png,https://www.wanted.co.kr/company/5394,Javascript,"React,Vue",Java,Spring,"Java,Kotlin",,
Content&Information,원티드랩,"‘원티드랩’은 전 세계 모든 기업과 직장인의 고민을 해결하기 위한 HR 스타트업입니다. 현재 기업은 누군가에 의해 검증된 인재를 채용하고 싶지만,그 비용과 시간이 만만치 않아 잡포털 광고와 오프라인 헤드헌팅에 의존하고 있습니다. 직장인의 90%는 이직을 생각하지만,어떤 기업이 자신에게 최선의 선택인지 알지 못한 채 업무에 자신을 맞추고 있습니다.",https://stack101-icon.s3.ap-northeast-2.amazonaws.com/stack%26company_icon/company/Content+_+Information/company_wanted_512x512.png,https://www.wanted.co.kr/company/79,Javascript,"Angular,React",Python,"Django,Flask",,,
Content&Information,SMARTSTUDY,"2010년에 창립한 스마트스터디는,유아동 모바일 앱 사업의 성공을 기반으로 Youtube,도서,캐릭터,하드웨어 제품 개발 등으로 사업영역을 확장하고 있습니다.",https://stack101-icon.s3.ap-northeast-2.amazonaws.com/stack%26company_icon/company/Content+_+Information/company_smartstudy_512x512.png,https://www.wanted.co.kr/company/73,,,,,"Objective-C,Swift",,
Analytics,bitnine,비트나인은 그래프 데이터베이스 연구개발 전문기업으로서 그래프 데이터를 활용하여 보다 효율적이고 친환경적인 솔루션 및 서비스를 제공합니다.,https://stack101-icon.s3.ap-northeast-2.amazonaws.com/stack%26company_icon/company/Analytics/company_bitnine_512x512.png,https://www.wanted.co.kr/company/5866,Javascript,"Angular,React,Vue,jQuery","Java,Typescript","Node.js,Spring","Kotlin,React Native","Adobe,Sketch",Zeplin
Analytics,mycelebs,마이셀럽스는 다양한 인공지능 기술을 제휴사의 서비스와 결합해 실제 비즈니스에 적용 가능한 AI 기반의 서비스로 진화시키는 AI 어플리케이션 그룹(AI Application Group)입니다.,https://stack101-icon.s3.ap-northeast-2.amazonaws.com/stack%26company_icon/company/Analytics/company_mycelebs_512x512.png,https://www.wanted.co.kr/company/614,Javascript,"React,Vue","Javascript,Python",Node.js,"Java,Kotlin,Swift",Sketch,
AD&Marketing,스포카(dodo),"스포카는 ‘매장과 고객을 세련되게 연결한다’는 비전 하에,오프라인 매장 활성화를 지향하는 마케팅 솔루션 기업입니다. 매장이 본질에 더욱 집중하도록 매장 운영에 필요한 홍보 및 고객관리 컨설팅을 한번에 제공합니다. 고객이 자발적으로 전화번호를 입력하면 2초만에 가입과 적립이 가능한 태블릿 기반 멤버십 서비스 ‘도도 포인트’와 정확한 자동 고객 분류 기능을 통한 맞춤형 메시지로 손쉽게 매장의 소식과 쿠폰 마케팅이 가능한 매장 홍보 솔루션 ‘도도 메시지’ 광고 타켓팅 서비스 ‘도도애드’를 운영 하고 있습니다.",https://stack101-icon.s3.ap-northeast-2.amazonaws.com/stack%26company_icon/company/AD+_+Marketing/company_spoqa_512x512.png,https://www.wanted.co.kr/company/75,"Javascript,Typescript","React,Vue",Python,Flask,"Java,Kotlin","Figma,Protopie",
AD&Marketing,엔비티(NBT),"2012년 설립되어,캐시슬라이드(대한민국 No.1 첫화면 서비스,누적가입자 2,200만명),캐시슬라이드 스텝업(적립형 만보기),더퀴즈라이브(모바일 라이브 퀴즈쇼,일 평균 동시접속자 3만명),노랑브라우저(적립형 웹브라우저) 등을 서비스하고 있습니다.",https://stack101-icon.s3.ap-northeast-2.amazonaws.com/stack%26company_icon/company/AD+_+Marketing/company_cashslide_512x512.png,https://www.wanted.co.kr/company/31,"Javascript,Typescript","React,Vue","Java,Javascript,Ruby","Node.js,Ruby on Rails,Spring","Java,Kotlin,Swift",,
AD&Marketing,MADUP,"매드업(MADUP)은 데이터 기반의 퍼포먼스 마케팅 솔루션으로 고객사의 마케팅 가치를 극대화하는 ""모바일 애드테크 전문 회사""입니다. 2019년 11월 1일자로 자회사인 디지털 퍼포먼스 마케팅 에이전시 매드잇(MADIT)과 합병하여,하나의 회사로 더욱 폭발적인 시너지를 내고자 합니다.",https://stack101-icon.s3.ap-northeast-2.amazonaws.com/stack%26company_icon/company/AD+_+Marketing/company_madup_512x512.png,https://www.wanted.co.kr/company/332,"Javascript,Typescript",React,"Go,Javascript,Python,Ruby","Django,Flask,Node.js","Java,Kotlin,Objective-C,Swift",Sketch,
AD&Marketing,쉐이커미디어(Shakr),"Shakr는 모든 광고주가 새로운 디지털 마케팅 환경에서 성공할 수 있도록 도와주는 비디오 기술 제품을 제작합니다. Fortune 500 선정 기업을 포함한 2,000곳 이상의 비즈니스에서 성장을 위해 Shakr를 이용하여 수십만개 이상의 동영상 광고를 만들고 있습니다.",https://stack101-icon.s3.ap-northeast-2.amazonaws.com/stack%26company_icon/company/AD+_+Marketing/company_shakr_512x512.png,https://www.wanted.co.kr/company/5007,Javascript,"React,Vue",Java,"Node.js,Spring",Objective-C,"Adobe,Sketch",
AD&Marketing,IGAWorks,"아이지에이웍스는 국내 유일의 종합 데이터 테크 SaaS 기업입니다. 모바일 광고를 진행하기 위해서 필수적으로 사용되는 모바일 어트리뷰션을 비롯하여 모바일 데이터 분석,마케팅 자동화,DMP,트레이드 데스크,마켓 인텔리전스 등의 전방위적인 '데이터 마케팅 비즈니스 스위트'를 제공합니다.",https://stack101-icon.s3.ap-northeast-2.amazonaws.com/stack%26company_icon/company/AD+_+Marketing/company_iga_512x512.png,https://www.wanted.co.kr/company/1311,"Javascript,Typescript","Angular,React,Vue,jQuery","Javascript,Python",Flask,"Java,Kotlin",,Zeplin
AD&Marketing,yap,"얍컴퍼니는 IT와 위치기반 기술을 융합한 '사람과 공간을 연결'하는 다양한 기술을 연구하고 서비스하는 글로벌 플랫폼 기업입니다.
하이브리드 비콘(Hybrid Beacon) 원천 기술 기반으로 위치 정보가 활용되는 모든 산업에 적용하여 고객에게 새로운 가치를 제공합니다.
온/오프라인을 아우르는 차별화된 솔루션으로 고객과 파트너가 함께 성장할 수 있는 'YAP Island'를 만들어나가겠습니다.",https://stack101-icon.s3.ap-northeast-2.amazonaws.com/stack%26company_icon/company/AD+_+Marketing/company_yap_512x512.png,https://www.rocketpunch.com/companies/yapcompany/jobs,,,,,"Java,Objective-C,Swift",,
AD&Marketing,MOLOCO,"Moloco는 실리콘밸리에 본사를 두고 있는 Global Ad-tech 기업으로 업계 최고 수준의 머신러닝,빅데이터 기술력을 기반으로 빠른 속도로 성장하며 모바일 광고시장의 주목을 받고 있는 팀입니다. 격변하는 마케팅 흐름의 최전선에서 뛰어난 기술을 바탕으로 가장 효율적으로 동작하는 퍼포먼스 광고 플랫폼을 글로벌 시장에 제시하고자 하는 큰 꿈을 성공적으로 실현해나가고 있습니다.
구글,아마존 출신 엔지니어들이 만든 Tech 중심의 기업이기도 합니다. 지금은 여러 나라 지사에 90여명의 직원들이 함께 회사를 키워나가고 있습니다.",https://stack101-icon.s3.ap-northeast-2.amazonaws.com/stack%26company_icon/company/AD+_+Marketing/company_moloco_512x512.png,https://www.wanted.co.kr/company/4941,,,"Java,Javascript",,,,
AD&Marketing,10PING,"마케터별 광고성과(바이럴)를 측정∙평가하여 성과를 실시간 배분하는 ""퍼포먼스 마케팅 플랫폼""을 서비스하고 있는 회사입니다.",https://stack101-icon.s3.ap-northeast-2.amazonaws.com/stack%26company_icon/company/AD+_+Marketing/company_10ping_512x512.png,https://www.wanted.co.kr/company/2834,,,,,,Adobe,